Model,RMSE,MAE
RandomForest,89.44385758675664,79.204
GradientBoosting,89.07363944713931,78.74985427821908
